<?xml version='1.0' encoding='UTF-8' ?>
<timeLogEntries>
  <time id="1" path="/Non Project/PSP Fundamentals &amp; Advanced/Program 1/Planning" start="@1535234335324" delta="150" interrupt="7" />
  <time id="2" path="/Non Project/PSP Fundamentals &amp; Advanced/Program 1/Planning" start="@1535251780034" delta="6" />
  <time id="3" path="/No Proyecto/lab2Fortnite/Planning" start="@1535734637223" delta="63" />
  <time id="4" path="/No Proyecto/lab2Fortnite/Planning" start="@1535811571330" delta="125" />
  <time id="5" path="/No Proyecto/lab2Fortnite/Planning" start="@1536340704824" delta="41" />
  <time id="6" path="/No Proyecto/lab2Fortnite/Planning" start="@1536414634875" delta="30" />
  <time id="7" path="/No Proyecto/lab2Fortnite/Design" start="@1536416441459" delta="153" />
  <time id="8" path="/No Proyecto/lab2Fortnite/Design" start="@1536426130967" delta="43" />
  <time id="9" path="/No Proyecto/lab2Fortnite/Design" start="@1536438858321" delta="250" />
  <time id="10" path="/No Proyecto/lab2Fortnite/Planning" start="@1537056465316" delta="60" />
  <time id="11" path="/No Proyecto/lab2Fortnite/Planning" start="@1537230239261" delta="26" />
</timeLogEntries>
