<?xml version='1.0' encoding='UTF-8' ?>
<timeLogEntries>
  <time id="1" path="/Proyecto/LabFornite/Planning" start="@1536709061336" delta="54" />
  <time id="2" path="/Proyecto/LabFornite/Planning" start="@1536945881767" delta="52" />
  <time id="3" path="/Proyecto/LabFornite/Planning" start="@1536949737363" delta="24" />
  <time id="4" path="/Proyecto/LabFornite/Planning" start="@1536957696403" delta="25" />
  <time id="6" path="/Proyecto/LabFornite/Planning" start="@1537049056502" delta="61" />
  <time id="7" path="/Proyecto/LabFornite/Planning" start="@1537212542558" delta="172" />
  <time id="8" path="/Proyecto/LabFornite/Design" start="@1537367500292" delta="29" />
  <time id="9" path="/Proyecto/LabFornite/Design" start="@1537494028666" delta="43" />
</timeLogEntries>
